Date,Artist,Song
"August 4, 1958",Ricky Nelson,Poor Little Fool
"August 18, 1958",Domenico Modugno,Volare (Nel blu dipinto di blu)♪ (1958)
"August 25, 1958",The Elegants,Little Star
"September 29, 1958",Tommy Edwards,It's All in the Game
"November 10, 1958",Conway Twitty,It's Only Make Believe
"November 17, 1958",The Kingston Trio,Tom Dooley
"December 1, 1958",The Teddy Bears,To Know Him Is to Love Him
"December 22, 1958",The Chipmunks with David Seville,The Chipmunk Song (Christmas Don't Be Late)
"January 19, 1959",The Platters,Smoke Gets in Your Eyes
"February 9, 1959",Lloyd Price,Stagger Lee
"March 9, 1959",Frankie Avalon,Venus
"April 13, 1959",The Fleetwoods,Come Softly to Me
"May 11, 1959","Dave ""Baby"" Cortez",The Happy Organ
"May 18, 1959",Wilbert Harrison,Kansas City
"June 1, 1959",Johnny Horton,The Battle of New Orleans♪ (1959)
"July 13, 1959",Paul Anka,Lonely Boy
"August 10, 1959",Elvis Presley,A Big Hunk o' Love
"August 24, 1959",The Browns,The Three Bells
"September 21, 1959",Santo & Johnny,Sleep Walk
"October 5, 1959",Bobby Darin,Mack the Knife
"November 16, 1959",The Fleetwoods,Mr. Blue
"December 14, 1959",Guy Mitchell,Heartaches by the Number
"December 28, 1959",Frankie Avalon,Why
"January 4, 1960",Marty Robbins,El Paso
"January 18, 1960",Johnny Preston,Running Bear
"February 8, 1960",Mark Dinning,Teen Angel
"February 22, 1960",Percy Faith,Theme from 'A Summer Place'♪ (1960)
"April 25, 1960",Elvis Presley,Stuck on You
"May 23, 1960",The Everly Brothers,Cathy's Clown
"June 27, 1960",Connie Francis,Everybody's Somebody's Fool
"July 11, 1960",Hollywood Argyles,Alley-Oop
"July 18, 1960",Brenda Lee,I'm Sorry
"August 8, 1960",Brian Hyland,Itsy Bitsy Teenie Weenie Yellow Polka Dot Bikini
"August 15, 1960",Elvis Presley,It's Now or Never
"September 19, 1960",Chubby Checker,The Twist
"September 26, 1960",Connie Francis,My Heart Has a Mind of Its Own
"October 10, 1960",Larry Verne,Mr. Custer
"October 17, 1960",The Drifters,Save the Last Dance for Me
"October 24, 1960",Brenda Lee,I Want to Be Wanted
"November 14, 1960",Ray Charles,Georgia on My Mind
"November 21, 1960",Maurice Williams and the Zodiacs,Stay
"November 28, 1960",Elvis Presley,Are You Lonesome Tonight?
"January 9, 1961",Bert Kaempfert,Wonderland by Night
"January 30, 1961",The Shirelles,Will You Love Me Tomorrow
"February 13, 1961",Lawrence Welk,Calcutta
"February 27, 1961",Chubby Checker,Pony Time
"March 20, 1961",Elvis Presley,Surrender
"April 3, 1961",The Marcels,Blue Moon
"April 24, 1961",Del Shannon,Runaway
"May 22, 1961",Ernie K-Doe,Mother-in-Law
"May 29, 1961",Ricky Nelson,Travelin' Man
"June 5, 1961",Roy Orbison,Running Scared
"June 19, 1961",Pat Boone,Moody River
"June 26, 1961",Gary U.S. Bonds,Quarter to Three
"July 10, 1961",Bobby Lewis,Tossin' and Turnin'♪ (1961)
"August 28, 1961",Joe Dowell,Wooden Heart (Muss I Denn)
"September 4, 1961",The Highwaymen,Michael
"September 18, 1961",Bobby Vee,Take Good Care of My Baby
"October 9, 1961",Ray Charles,Hit the Road Jack
"October 23, 1961",Dion,Runaround Sue
"November 6, 1961",Jimmy Dean,Big Bad John
"December 11, 1961",The Marvelettes,Please Mr. Postman
"December 18, 1961",The Tokens,The Lion Sleeps Tonight
"January 13, 1962",Chubby Checker,The Twist
"January 27, 1962",Joey Dee and the Starliters,Peppermint Twist
"February 17, 1962",Gene Chandler,Duke of Earl
"March 10, 1962",Bruce Channel,Hey! Baby
"March 31, 1962",Connie Francis,Don't Break the Heart That Loves You
"April 7, 1962",Shelley Fabares,Johnny Angel
"April 21, 1962",Elvis Presley,Good Luck Charm
"May 5, 1962",The Shirelles,Soldier Boy
"May 26, 1962",Mr. Acker Bilk,Stranger on the Shore♪ (1962)
"June 2, 1962",Ray Charles,I Can't Stop Loving You
"July 7, 1962",David Rose,The Stripper
"July 14, 1962",Bobby Vinton,Roses Are Red (My Love)
"August 11, 1962",Neil Sedaka,Breaking Up Is Hard to Do
"August 25, 1962",Little Eva,The Loco-Motion
"September 1, 1962",Tommy Roe,Sheila
"September 15, 1962",The Four Seasons,Sherry
"October 20, 1962","Bobby ""Boris"" Pickett and the Crypt-Kickers",Monster Mash
"November 3, 1962",The Crystals,He's a Rebel
"November 17, 1962",The Four Seasons,Big Girls Don't Cry
"December 22, 1962",The Tornados,Telstar
"January 12, 1963",Steve Lawrence,Go Away Little Girl
"January 26, 1963",The Rooftop Singers,Walk Right In
"February 9, 1963",Paul & Paula,Hey Paula
"March 2, 1963",The Four Seasons,Walk Like A Man
"March 23, 1963",Ruby & the Romantics,Our Day Will Come
"March 30, 1963",The Chiffons,He's So Fine
"April 27, 1963",Little Peggy March,I Will Follow Him
"May 18, 1963",Jimmy Soul,If You Wanna Be Happy
"June 1, 1963",Lesley Gore,It's My Party
"June 15, 1963",Kyu Sakamoto,Sukiyaki
"July 6, 1963",The Essex,Easier Said Than Done
"July 20, 1963",Jan and Dean,Surf City
"August 3, 1963",The Tymes,So Much in Love
"August 10, 1963",Little Stevie Wonder,Fingertips
"August 31, 1963",The Angels,My Boyfriend's Back
"September 21, 1963",Bobby Vinton,Blue Velvet
"October 12, 1963",Jimmy Gilmer and the Fireballs,Sugar Shack♪ (1963)
"November 16, 1963",Nino Tempo and April Stevens,Deep Purple
"November 23, 1963",Dale & Grace,I'm Leaving It Up to You
"December 7, 1963",The Singing Nun,Dominique
"January 4, 1964",Bobby Vinton,There! I've Said It Again
"February 1, 1964",The Beatles,I Want to Hold Your Hand♪ (1964)
"March 21, 1964",The Beatles,She Loves You
"April 4, 1964",The Beatles,Can't Buy Me Love
"May 9, 1964",Louis Armstrong,"Hello, Dolly!"
"May 16, 1964",Mary Wells,My Guy
"May 30, 1964",The Beatles,Love Me Do
"June 6, 1964",The Dixie Cups,Chapel of Love
"June 27, 1964",Peter and Gordon,A World Without Love
"July 4, 1964",The Beach Boys,I Get Around
"July 18, 1964",The Four Seasons,Rag Doll
"August 1, 1964",The Beatles,A Hard Day's Night
"August 15, 1964",Dean Martin,Everybody Loves Somebody
"August 22, 1964",The Supremes,Where Did Our Love Go
"September 5, 1964",The Animals,The House of the Rising Sun
"September 26, 1964",Roy Orbison,"Oh, Pretty Woman"
"October 17, 1964",Manfred Mann,Do Wah Diddy Diddy
"October 31, 1964",The Supremes,Baby Love
"November 28, 1964",The Shangri-Las,Leader of the Pack
"December 5, 1964",Lorne Greene,Ringo
"December 12, 1964",Bobby Vinton,Mr. Lonely
"December 19, 1964",The Supremes,Come See About Me
"December 26, 1964",The Beatles,I Feel Fine
"January 23, 1965",Petula Clark,Downtown
"February 6, 1965",The Righteous Brothers,You've Lost That Lovin' Feelin'
"February 20, 1965",Gary Lewis & The Playboys,This Diamond Ring
"March 6, 1965",The Temptations,My Girl
"March 13, 1965",The Beatles,Eight Days a Week
"March 27, 1965",The Supremes,Stop! In the Name of Love
"April 10, 1965",Freddie and the Dreamers,I'm Telling You Now
"April 24, 1965",Wayne Fontana & The Mindbenders,Game of Love
"May 1, 1965",Herman's Hermits,"Mrs. Brown, You've Got a Lovely Daughter"
"May 22, 1965",The Beatles,Ticket to Ride
"May 29, 1965",The Beach Boys,Help Me Rhonda
"June 12, 1965",The Supremes,Back in My Arms Again
"June 19, 1965",Four Tops,"I Can't Help Myself (Sugar Pie, Honey Bunch)"
"June 26, 1965",The Byrds,Mr. Tambourine Man
"July 10, 1965",The Rolling Stones,(I Can't Get No) Satisfaction
"August 7, 1965",Herman's Hermits,"I'm Henry VIII, I Am"
"August 14, 1965",Sonny & Cher,I Got You Babe
"September 4, 1965",The Beatles,Help!
"September 25, 1965",Barry McGuire,Eve Of Destruction
"October 2, 1965",The McCoys,Hang On Sloopy
"October 9, 1965",The Beatles,Yesterday
"November 6, 1965",The Rolling Stones,Get Off of My Cloud
"November 20, 1965",The Supremes,I Hear a Symphony
"December 4, 1965",The Byrds,Turn! Turn! Turn! (To Everything There Is a Season)
"December 25, 1965",The Dave Clark Five,Over and Over
"January 1, 1966",Simon & Garfunkel,The Sound of Silence
"January 8, 1966",The Beatles,We Can Work It Out
"February 5, 1966",Petula Clark,My Love
"February 19, 1966",Lou Christie,Lightnin' Strikes
"February 26, 1966",Nancy Sinatra,These Boots Are Made for Walkin'
"March 5, 1966",Barry Sadler,The Ballad of the Green Berets♪ (1966)
"April 9, 1966",The Righteous Brothers,(You're My) Soul And Inspiration
"April 30, 1966",The Young Rascals,Good Lovin'
"May 7, 1966",The Mamas & the Papas,"Monday, Monday"
"May 28, 1966",Percy Sledge,When A Man Loves A Woman
"June 11, 1966",The Rolling Stones,Paint It Black
"June 25, 1966",The Beatles,Paperback Writer
"July 2, 1966",Frank Sinatra,Strangers In The Night
"July 16, 1966",Tommy James and the Shondells,Hanky Panky
"July 30, 1966",The Troggs,Wild Thing
"August 13, 1966",The Lovin' Spoonful,Summer in the City
"September 3, 1966",Donovan,Sunshine Superman
"September 10, 1966",The Supremes,You Can't Hurry Love
"September 24, 1966",The Association,Cherish
"October 15, 1966",Four Tops,Reach Out I'll Be There
"October 29, 1966",? & the Mysterians,96 Tears
"November 5, 1966",The Monkees,Last Train to Clarksville
"November 12, 1966",Johnny Rivers,Poor Side Of Town
"November 19, 1966",The Supremes,You Keep Me Hangin' On
"December 3, 1966",The New Vaudeville Band,Winchester Cathedral
"December 10, 1966",The Beach Boys,Good Vibrations
"December 31, 1966",The Monkees,I'm a Believer
"February 18, 1967",The Buckinghams,Kind of a Drag
"March 4, 1967",The Rolling Stones,Ruby Tuesday
"March 11, 1967",The Supremes,Love Is Here and Now You're Gone
"March 18, 1967",The Beatles,Penny Lane
"March 25, 1967",The Turtles,Happy Together
"April 15, 1967",Nancy Sinatra and Frank Sinatra,Somethin' Stupid
"May 13, 1967",The Supremes,The Happening
"May 20, 1967",The Young Rascals,Groovin'
"June 3, 1967",Aretha Franklin,Respect
"July 1, 1967",The Association,Windy
"July 29, 1967",The Doors,Light My Fire
"August 19, 1967",The Beatles,All You Need Is Love
"August 26, 1967",Bobbie Gentry,Ode to Billie Joe
"September 23, 1967",Box Tops,The Letter
"October 21, 1967",Lulu,To Sir With Love♪ (1967)
"November 25, 1967",Strawberry Alarm Clock,Incense and Peppermints
"December 2, 1967",The Monkees,Daydream Believer
"December 30, 1967",The Beatles,"Hello, Goodbye"
"January 20, 1968",John Fred & His Playboy Band,Judy in Disguise (With Glasses)
"February 3, 1968",The Lemon Pipers,Green Tambourine
"February 10, 1968",Paul Mauriat,Love Is Blue
"March 16, 1968",Otis Redding,(Sittin' On) The Dock of the Bay
"April 13, 1968",Bobby Goldsboro,Honey
"May 18, 1968",Archie Bell & the Drells,Tighten Up
"June 1, 1968",Simon & Garfunkel,Mrs. Robinson
"June 22, 1968",Herb Alpert,This Guy's in Love with You
"July 20, 1968",Hugh Masekela,Grazing in the Grass
"August 3, 1968",The Doors,"Hello, I Love You"
"August 17, 1968",The Rascals,People Got to Be Free
"September 21, 1968",Jeannie C. Riley,Harper Valley P.T.A.
"September 28, 1968",The Beatles,Hey Jude♪ (1968)
"November 30, 1968",Diana Ross & the Supremes,Love Child
"December 14, 1968",Marvin Gaye,I Heard It Through the Grapevine
"February 1, 1969",Tommy James and the Shondells,Crimson and Clover
"February 15, 1969",Sly and the Family Stone,Everyday People
"March 15, 1969",Tommy Roe,Dizzy
"April 12, 1969",The 5th Dimension,Aquarius/Let the Sunshine In
"May 24, 1969",The Beatles with Billy Preston,Get Back
"June 28, 1969",Henry Mancini,Love Theme from Romeo and Juliet
"July 12, 1969",Zager and Evans,In the Year 2525
"August 23, 1969",The Rolling Stones,Honky Tonk Women
"September 20, 1969",The Archies,"Sugar, Sugar♪ (1969)"
"October 18, 1969",The Temptations,I Can't Get Next To You
"November 1, 1969",Elvis Presley,Suspicious Minds
"November 8, 1969",The 5th Dimension,Wedding Bell Blues
"November 29, 1969",The Beatles,"Come Together/""Something"""
"December 6, 1969",Steam,Na Na Hey Hey Kiss Him Goodbye
"December 20, 1969","Peter, Paul & Mary",Leaving on a Jet Plane
"December 27, 1969",Diana Ross & the Supremes,Someday We'll Be Together
"January 3, 1970",B. J. Thomas,Raindrops Keep Fallin' On My Head
"January 31, 1970",The Jackson 5,I Want You Back
"February 7, 1970",Shocking Blue,Venus
"February 14, 1970",Sly & the Family Stone,"Thank You (Falettinme Be Mice Elf Agin) / ""Everybody Is a Star"""
"February 28, 1970",Simon & Garfunkel,Bridge Over Troubled Water♪ (1970)
"April 11, 1970",The Beatles,Let It Be
"April 25, 1970",The Jackson 5,ABC
"May 9, 1970",The Guess Who,"American Woman / ""No Sugar Tonight"""
"May 30, 1970",Ray Stevens,Everything Is Beautiful
"June 13, 1970",The Beatles,"The Long and Winding Road / ""For You Blue"""
"June 27, 1970",The Jackson 5,The Love You Save
"July 11, 1970",Three Dog Night,Mama Told Me (Not to Come)
"July 25, 1970",The Carpenters,(They Long to Be) Close to You
"August 22, 1970",Bread,Make It with You
"August 29, 1970",Edwin Starr,War
"September 19, 1970",Diana Ross,Ain't No Mountain High Enough
"October 10, 1970",Neil Diamond,Cracklin' Rosie
"October 17, 1970",The Jackson 5,I'll Be There
"November 21, 1970",The Partridge Family,I Think I Love You
"December 12, 1970",Smokey Robinson & the Miracles,The Tears of a Clown
"December 26, 1970",George Harrison,"My Sweet Lord / ""Isn't It a Pity"""
"January 23, 1971",Tony Orlando and Dawn,Knock Three Times
"February 13, 1971",The Osmonds,One Bad Apple
"March 20, 1971",Janis Joplin,Me and Bobby McGee
"April 3, 1971",The Temptations,Just My Imagination (Running Away with Me)
"April 17, 1971",Three Dog Night,Joy to the World♪ (1971)
"May 29, 1971",The Rolling Stones,Brown Sugar
"June 12, 1971",The Honey Cone,Want Ads
"June 19, 1971",Carole King,"It's Too Late / ""I Feel the Earth Move"""
"July 24, 1971",Paul Revere & the Raiders,Indian Reservation (The Lament of the Cherokee Reservation Indian)
"July 31, 1971",James Taylor,You've Got a Friend
"August 7, 1971",Bee Gees,How Can You Mend a Broken Heart
"September 4, 1971",Paul McCartney and Linda McCartney,Uncle Albert/Admiral Halsey
"September 11, 1971",Donny Osmond,Go Away Little Girl
"October 2, 1971",Rod Stewart,"Maggie May / ""Reason to Believe"""
"November 6, 1971",Cher,"Gypsys, Tramps & Thieves"
"November 20, 1971",Isaac Hayes,Theme from Shaft
"December 4, 1971",Sly and the Family Stone,Family Affair
"December 25, 1971",Melanie,Brand New Key
"January 15, 1972",Don McLean,American Pie
"February 12, 1972",Al Green,Let's Stay Together
"February 19, 1972",Nilsson,Without You
"March 18, 1972",Neil Young,Heart of Gold
"March 25, 1972",America,A Horse with No Name
"April 15, 1972",Roberta Flack,The First Time Ever I Saw Your Face♪ (1972)
"May 27, 1972",The Chi-Lites,Oh Girl
"June 3, 1972",The Staple Singers,I'll Take You There
"June 10, 1972",Sammy Davis Jr.,Candy Man
"July 1, 1972",Neil Diamond,Song Sung Blue
"July 8, 1972",Bill Withers,Lean On Me
"July 29, 1972",Gilbert O'Sullivan,Alone Again (Naturally)
"August 26, 1972",Looking Glass,Brandy (You're a Fine Girl)
"September 16, 1972",Three Dog Night,Black and White
"September 23, 1972",Mac Davis,"Baby, Don't Get Hooked on Me"
"October 14, 1972",Michael Jackson,Ben
"October 21, 1972",Chuck Berry,My Ding-a-Ling
"November 4, 1972",Johnny Nash,I Can See Clearly Now
"December 2, 1972",The Temptations,Papa Was a Rollin' Stone
"December 9, 1972",Helen Reddy,I Am Woman
"December 16, 1972",Billy Paul,Me and Mrs. Jones
"January 6, 1973",Carly Simon,You're So Vain
"January 27, 1973",Stevie Wonder,Superstition
"February 3, 1973",Elton John,Crocodile Rock
"February 24, 1973",Roberta Flack,Killing Me Softly with His Song
"March 24, 1973",The O'Jays,Love Train
"April 7, 1973",Vicki Lawrence,The Night the Lights Went Out in Georgia
"April 21, 1973",Tony Orlando and Dawn,Tie a Yellow Ribbon Round the Ole Oak Tree♪ (1973)
"May 19, 1973",Stevie Wonder,You Are the Sunshine of My Life
"May 26, 1973",The Edgar Winter Group,Frankenstein
"June 2, 1973",Paul McCartney and Wings,My Love
"June 30, 1973",George Harrison,Give Me Love (Give Me Peace On Earth)
"July 7, 1973",Billy Preston,Will It Go Round in Circles
"July 21, 1973",Jim Croce,"Bad, Bad Leroy Brown"
"August 4, 1973",Maureen McGovern,The Morning After
"August 18, 1973",Diana Ross,Touch Me in the Morning
"August 25, 1973",Stories,Brother Louie
"September 8, 1973",Marvin Gaye,Let's Get It On
"September 15, 1973",Helen Reddy,Delta Dawn
"September 29, 1973",Grand Funk,We're an American Band
"October 6, 1973",Cher,Half-Breed
"October 20, 1973",The Rolling Stones,Angie
"October 27, 1973",Gladys Knight & the Pips,Midnight Train to Georgia
"November 10, 1973",Eddie Kendricks,Keep On Truckin'
"November 24, 1973",Ringo Starr,Photograph
"December 1, 1973",The Carpenters,Top of the World
"December 15, 1973",Charlie Rich,The Most Beautiful Girl
"December 29, 1973",Jim Croce,Time in a Bottle
"January 12, 1974",Steve Miller Band,The Joker
"January 19, 1974",Al Wilson,Show and Tell
"January 26, 1974",Ringo Starr,You're Sixteen
"February 2, 1974",Barbra Streisand,The Way We Were♪ (1974)
"February 9, 1974",Love Unlimited Orchestra,Love's Theme
"March 2, 1974",Terry Jacks,Seasons in the Sun
"March 23, 1974",Cher,Dark Lady
"March 30, 1974",John Denver,Sunshine on My Shoulders
"April 6, 1974",Blue Swede,Hooked on a Feeling
"April 13, 1974",Elton John,Bennie and the Jets
"April 20, 1974",MFSB and The Three Degrees,TSOP
"May 4, 1974",Grand Funk,The Loco-Motion
"May 18, 1974",Ray Stevens,The Streak
"June 8, 1974",Paul McCartney and Wings,Band on the Run
"June 15, 1974",Bo Donaldson and The Heywoods,"Billy, Don't Be a Hero"
"June 29, 1974",Gordon Lightfoot,Sundown
"July 6, 1974",The Hues Corporation,Rock the Boat
"July 13, 1974",George McCrae,Rock Your Baby
"July 27, 1974",John Denver,Annie's Song
"August 10, 1974",Roberta Flack,Feel Like Makin' Love
"August 17, 1974",Paper Lace,The Night Chicago Died
"August 24, 1974",Paul Anka and Odia Coates,(You're) Having My Baby
"September 14, 1974",Eric Clapton,I Shot the Sheriff
"September 21, 1974",Barry White,"Can't Get Enough of Your Love, Babe"
"September 28, 1974",Andy Kim,Rock Me Gently
"October 5, 1974",Olivia Newton-John,I Honestly Love You
"October 19, 1974",Billy Preston,Nothing from Nothing
"October 26, 1974",Dionne Warwick and The Spinners,Then Came You
"November 2, 1974",Stevie Wonder,You Haven't Done Nothin'
"November 9, 1974",Bachman-Turner Overdrive,You Ain't Seen Nothing Yet
"November 16, 1974",John Lennon,Whatever Gets You Thru the Night
"November 23, 1974",Billy Swan,I Can Help
"December 7, 1974",Carl Douglas,Kung Fu Fighting
"December 21, 1974",Harry Chapin,Cat's in the Cradle
"December 28, 1974",Helen Reddy,Angie Baby
"January 4, 1975",Elton John,Lucy in the Sky with Diamonds
"January 18, 1975",Barry Manilow,Mandy
"January 25, 1975",The Carpenters,Please Mr. Postman
"February 1, 1975",Neil Sedaka,Laughter in the Rain
"February 8, 1975",Ohio Players,Fire
"February 15, 1975",Linda Ronstadt,You're No Good
"February 22, 1975",Average White Band,Pick Up the Pieces
"March 1, 1975",Eagles,Best of My Love
"March 8, 1975",Olivia Newton-John,Have You Never Been Mellow
"March 15, 1975",The Doobie Brothers,Black Water
"March 22, 1975",Frankie Valli,My Eyes Adored You
"March 29, 1975",LaBelle,Lady Marmalade
"April 5, 1975",Minnie Riperton,Lovin' You
"April 12, 1975",Elton John,Philadelphia Freedom
"April 26, 1975",B. J. Thomas,(Hey Won't You Play) Another Somebody Done Somebody Wrong Song
"May 3, 1975",Tony Orlando and Dawn,He Don't Love You (Like I Love You)
"May 24, 1975","Earth, Wind & Fire",Shining Star
"May 31, 1975",Freddy Fender,Before the Next Teardrop Falls
"June 7, 1975",John Denver,Thank God I'm a Country Boy
"June 14, 1975",America,Sister Golden Hair
"June 21, 1975",Captain & Tennille,Love Will Keep Us Together♪ (1975)
"July 19, 1975",Paul McCartney and Wings,Listen to What the Man Said
"July 26, 1975",Van McCoy and the Soul City Symphony,The Hustle
"August 2, 1975",Eagles,One of These Nights
"August 9, 1975",Bee Gees,Jive Talkin'
"August 23, 1975","Hamilton, Joe Frank & Reynolds",Fallin' in Love
"August 30, 1975",KC and the Sunshine Band,Get Down Tonight
"September 6, 1975",Glen Campbell,Rhinestone Cowboy
"September 20, 1975",David Bowie,Fame
"September 27, 1975",John Denver,I'm Sorry
"October 11, 1975",Neil Sedaka,Bad Blood
"November 1, 1975",Elton John,Island Girl
"November 22, 1975",KC and the Sunshine Band,That's the Way (I Like It)
"November 29, 1975",Silver Convention,"Fly, Robin, Fly"
"December 27, 1975",The Staple Singers,Let's Do It Again
"January 3, 1976",Bay City Rollers,Saturday Night
"January 10, 1976",C. W. McCall,Convoy
"January 17, 1976",Barry Manilow,I Write the Songs
"January 24, 1976",Diana Ross,Theme from Mahogany (Do You Know Where You're Going To)
"January 31, 1976",Ohio Players,Love Rollercoaster
"February 7, 1976",Paul Simon,50 Ways to Leave Your Lover
"February 28, 1976",Rhythm Heritage,Theme From S.W.A.T.
"March 6, 1976",The Miracles,Love Machine
"March 13, 1976",The Four Seasons,"December 1963 (Oh, What a Night)"
"April 3, 1976",Johnnie Taylor,Disco Lady
"May 1, 1976",The Bellamy Brothers,Let Your Love Flow
"May 8, 1976",John Sebastian,Welcome Back
"May 15, 1976",The Sylvers,Boogie Fever
"May 22, 1976",Wings,Silly Love Songs♪ (1976)
"May 29, 1976",Diana Ross,Love Hangover
"July 10, 1976",Starland Vocal Band,Afternoon Delight
"July 24, 1976",The Manhattans,Kiss and Say Goodbye
"August 7, 1976",Elton John and Kiki Dee,Don't Go Breaking My Heart
"September 4, 1976",Bee Gees,You Should Be Dancing
"September 11, 1976",KC and the Sunshine Band,"(Shake, Shake, Shake) Shake Your Booty"
"September 18, 1976",Wild Cherry,Play That Funky Music
"October 9, 1976",Walter Murphy and the Big Apple Band,A Fifth of Beethoven
"October 16, 1976",Rick Dees and His Cast of Idiots,Disco Duck
"October 23, 1976",Chicago,If You Leave Me Now
"November 6, 1976",Steve Miller Band,Rock'n Me
"November 13, 1976",Rod Stewart,Tonight's the Night (Gonna Be Alright)♪ (1977)
"January 8, 1977","Marilyn McCoo and Billy Davis, Jr.",You Don't Have to Be a Star (To Be in My Show)
"January 15, 1977",Leo Sayer,You Make Me Feel Like Dancing
"January 22, 1977",Stevie Wonder,I Wish
"January 29, 1977",Rose Royce,Car Wash
"February 5, 1977",Mary MacGregor,Torn Between Two Lovers
"February 19, 1977",Manfred Mann's Earth Band,Blinded by the Light
"February 26, 1977",Eagles,New Kid in Town
"March 5, 1977",Barbra Streisand,Love Theme From A Star Is Born (Evergreen)
"March 26, 1977",Daryl Hall and John Oates,Rich Girl
"April 9, 1977",ABBA,Dancing Queen
"April 16, 1977",David Soul,Don't Give Up on Us
"April 23, 1977",Thelma Houston,Don't Leave Me This Way
"April 30, 1977",Glen Campbell,Southern Nights
"May 7, 1977",Eagles,Hotel California
"May 14, 1977",Leo Sayer,When I Need You
"May 21, 1977",Stevie Wonder,Sir Duke
"June 11, 1977",KC and the Sunshine Band,I'm Your Boogie Man
"June 18, 1977",Fleetwood Mac,Dreams
"June 25, 1977",Marvin Gaye,Got to Give It Up (Part 1)
"July 2, 1977",Bill Conti,Gonna Fly Now (Theme From Rocky)
"July 9, 1977",Alan O'Day,Undercover Angel
"July 16, 1977",Shaun Cassidy,Da Doo Ron Ron
"July 23, 1977",Barry Manilow,Looks Like We Made It
"July 30, 1977",Andy Gibb,I Just Want to Be Your Everything
"August 20, 1977",The Emotions,Best of My Love
"October 1, 1977",Meco,Star Wars Theme/Cantina Band
"October 15, 1977",Debby Boone,You Light Up My Life
"December 24, 1977",Bee Gees,How Deep Is Your Love
"January 14, 1978",Player,Baby Come Back
"February 4, 1978",Bee Gees,Stayin' Alive
"March 4, 1978",Andy Gibb,(Love Is) Thicker Than Water
"March 18, 1978",Bee Gees,Night Fever
"May 13, 1978",Yvonne Elliman,If I Can't Have You
"May 20, 1978",Wings,With a Little Luck
"June 3, 1978",Johnny Mathis and Deniece Williams,"Too Much, Too Little, Too Late"
"June 10, 1978",John Travolta and Olivia Newton-John,You're the One That I Want
"June 17, 1978",Andy Gibb,Shadow Dancing♪ (1978)
"August 5, 1978",The Rolling Stones,Miss You
"August 12, 1978",Commodores,Three Times a Lady
"August 26, 1978",Frankie Valli,Grease
"September 9, 1978",A Taste of Honey,Boogie Oogie Oogie
"September 30, 1978",Exile,Kiss You All Over
"October 28, 1978",Nick Gilder,Hot Child in the City
"November 4, 1978",Anne Murray,You Needed Me
"November 11, 1978",Donna Summer,MacArthur Park
"December 2, 1978",Barbra Streisand and Neil Diamond,You Don't Bring Me Flowers
"December 9, 1978",Chic,Le Freak
"January 6, 1979",Bee Gees,Too Much Heaven
"February 10, 1979",Rod Stewart,Da Ya Think I'm Sexy?
"March 10, 1979",Gloria Gaynor,I Will Survive
"March 24, 1979",Bee Gees,Tragedy
"April 14, 1979",The Doobie Brothers,What a Fool Believes
"April 21, 1979",Amii Stewart,Knock on Wood
"April 28, 1979",Blondie,Heart of Glass
"May 5, 1979",Peaches & Herb,Reunited
"June 2, 1979",Donna Summer,Hot Stuff
"June 9, 1979",Bee Gees,Love You Inside Out
"June 30, 1979",Anita Ward,Ring My Bell
"July 14, 1979",Donna Summer,Bad Girls
"August 18, 1979",Chic,Good Times
"August 25, 1979",The Knack,My Sharona♪ (1979)
"October 6, 1979",Robert John,Sad Eyes
"October 13, 1979",Michael Jackson,Don't Stop 'til You Get Enough
"October 20, 1979",Herb Alpert,Rise
"November 3, 1979",M,Pop Muzik
"November 10, 1979",Eagles,Heartache Tonight
"November 17, 1979",Commodores,Still
"November 24, 1979",Barbra Streisand and Donna Summer,No More Tears (Enough Is Enough)
"December 8, 1979",Styx,Babe
"December 22, 1979",Rupert Holmes,Escape (The Piña Colada Song)
"January 5, 1980",KC and the Sunshine Band,Please Don't Go
"January 19, 1980",Michael Jackson,Rock with You
"February 16, 1980",Captain & Tennille,Do That to Me One More Time
"February 23, 1980",Queen,Crazy Little Thing Called Love
"March 22, 1980",Pink Floyd,Another Brick in the Wall (Part 2)
"April 19, 1980",Blondie,Call Me♪ (1980)
"May 31, 1980","Lipps, Inc.",Funkytown
"June 28, 1980",Paul McCartney,Coming Up (Live at Glasgow)
"July 19, 1980",Billy Joel,It's Still Rock and Roll to Me
"August 2, 1980",Olivia Newton-John,Magic
"August 30, 1980",Christopher Cross,Sailing
"September 6, 1980",Diana Ross,Upside Down
"October 4, 1980",Queen,Another One Bites the Dust
"October 25, 1980",Barbra Streisand,Woman in Love
"November 15, 1980",Kenny Rogers,Lady
"December 27, 1980",John Lennon,(Just Like) Starting Over
"January 31, 1981",Blondie,The Tide Is High
"February 7, 1981",Kool & the Gang,Celebration
"February 21, 1981",Dolly Parton,9 to 5
"February 28, 1981",Eddie Rabbitt,I Love a Rainy Night
"March 21, 1981",REO Speedwagon,Keep On Loving You
"March 28, 1981",Blondie,Rapture
"April 11, 1981",Daryl Hall and John Oates,Kiss on My List
"May 2, 1981",Sheena Easton,Morning Train (Nine to Five)
"May 16, 1981",Kim Carnes,Bette Davis Eyes♪ (1981)
"June 20, 1981",Stars on 45,Stars on 45
"July 25, 1981",Air Supply,The One That You Love
"August 1, 1981",Rick Springfield,Jessie's Girl
"August 15, 1981",Diana Ross and Lionel Richie,Endless Love
"October 17, 1981",Christopher Cross,Arthur's Theme (Best That You Can Do)
"November 7, 1981",Daryl Hall and John Oates,Private Eyes
"November 21, 1981",Olivia Newton-John,Physical♪ (1982)
"January 30, 1982",Daryl Hall and John Oates,I Can't Go for That (No Can Do)
"February 6, 1982",The J. Geils Band,Centerfold
"March 20, 1982",Joan Jett and the Blackhearts,I Love Rock 'n' Roll
"May 8, 1982",Vangelis,Chariots of Fire
"May 15, 1982",Paul McCartney with Stevie Wonder,Ebony and Ivory
"July 3, 1982",The Human League,Don't You Want Me
"July 24, 1982",Survivor,Eye of the Tiger
"September 4, 1982",Steve Miller Band,Abracadabra
"September 11, 1982",Chicago,Hard to Say I'm Sorry
"October 2, 1982",John Mellencamp,Jack & Diane
"October 30, 1982",Men at Work,Who Can It Be Now
"November 6, 1982",Joe Cocker and Jennifer Warnes,Up Where We Belong
"November 27, 1982",Lionel Richie,Truly
"December 11, 1982",Toni Basil,Mickey
"December 18, 1982",Daryl Hall and John Oates,Maneater
"January 15, 1983",Men at Work,Down Under
"February 5, 1983",Toto,Africa
"February 19, 1983",Patti Austin and James Ingram,"Baby, Come to Me"
"March 5, 1983",Michael Jackson,Billie Jean
"April 23, 1983",Dexys Midnight Runners,Come On Eileen
"April 30, 1983",Michael Jackson,Beat It
"May 21, 1983",David Bowie,Let's Dance
"May 28, 1983",Irene Cara,Flashdance... What a Feeling
"July 9, 1983",The Police,Every Breath You Take♪ (1983)
"September 3, 1983",Eurythmics,Sweet Dreams (Are Made of This)
"September 10, 1983",Michael Sembello,Maniac
"September 24, 1983",Billy Joel,Tell Her About It
"October 1, 1983",Bonnie Tyler,Total Eclipse of the Heart
"October 29, 1983",Kenny Rogers with Dolly Parton,Islands in the Stream
"November 12, 1983",Lionel Richie,All Night Long (All Night)
"December 10, 1983",Paul McCartney and Michael Jackson,"Say, Say, Say"
"January 21, 1984",Yes,Owner of a Lonely Heart
"February 4, 1984",Culture Club,Karma Chameleon
"February 25, 1984",Van Halen,Jump
"March 31, 1984",Kenny Loggins,Footloose
"April 21, 1984",Phil Collins,Against All Odds (Take a Look at Me Now)
"May 12, 1984",Lionel Richie,Hello
"May 26, 1984",Deniece Williams,Let's Hear It for the Boy
"June 9, 1984",Cyndi Lauper,Time After Time
"June 23, 1984",Duran Duran,The Reflex
"July 7, 1984",Prince,When Doves Cry♪ (1984)
"August 11, 1984",Ray Parker Jr.,Ghostbusters
"September 1, 1984",Tina Turner,What's Love Got to Do with It
"September 22, 1984",John Waite,Missing You
"September 29, 1984",Prince and The Revolution,Let's Go Crazy
"October 13, 1984",Stevie Wonder,I Just Called to Say I Love You
"November 3, 1984",Billy Ocean,Caribbean Queen (No More Love on the Run)
"November 17, 1984",Wham!,Wake Me Up Before You Go-Go
"December 8, 1984",Daryl Hall and John Oates,Out of Touch
"December 22, 1984",Madonna,Like a Virgin
"February 2, 1985",Foreigner,I Want to Know What Love Is
"February 16, 1985",Wham! featuring George Michael,Careless Whisper♪ (1985)
"March 9, 1985",REO Speedwagon,Can't Fight This Feeling
"March 30, 1985",Phil Collins,One More Night
"April 13, 1985",USA for Africa,We Are the World
"May 11, 1985",Madonna,Crazy for You
"May 18, 1985",Simple Minds,Don't You (Forget About Me)
"May 25, 1985",Wham!,Everything She Wants
"June 8, 1985",Tears for Fears,Everybody Wants to Rule the World
"June 22, 1985",Bryan Adams,Heaven
"July 6, 1985",Phil Collins,Sussudio
"July 13, 1985",Duran Duran,A View to a Kill
"July 27, 1985",Paul Young,Everytime You Go Away
"August 3, 1985",Tears for Fears,Shout
"August 24, 1985",Huey Lewis and the News,The Power of Love
"September 7, 1985",John Parr,St. Elmo's Fire (Man in Motion)
"September 21, 1985",Dire Straits,Money for Nothing
"October 12, 1985",Ready for the World,Oh Sheila
"October 19, 1985",a-ha,Take On Me
"October 26, 1985",Whitney Houston,Saving All My Love for You
"November 2, 1985",Stevie Wonder,Part-Time Lover
"November 9, 1985",Jan Hammer,Miami Vice Theme
"November 16, 1985",Starship,We Built This City
"November 30, 1985",Phil Collins and Marilyn Martin,Separate Lives
"December 7, 1985",Mr. Mister,Broken Wings
"December 21, 1985",Lionel Richie,"Say You, Say Me"
"January 18, 1986",Dionne & Friends1,That's What Friends Are For♪ (1986)
"February 15, 1986",Whitney Houston,How Will I Know
"March 1, 1986",Mr. Mister,Kyrie
"March 15, 1986",Starship,Sara
"March 22, 1986",Heart,These Dreams
"March 29, 1986",Falco,Rock Me Amadeus
"April 19, 1986",Prince and The Revolution,Kiss
"May 3, 1986",Robert Palmer,Addicted to Love
"May 10, 1986",Pet Shop Boys,West End Girls
"May 17, 1986",Whitney Houston,Greatest Love of All
"June 7, 1986",Madonna,Live to Tell
"June 14, 1986",Patti LaBelle and Michael McDonald,On My Own
"July 5, 1986",Billy Ocean,There'll Be Sad Songs (To Make You Cry)
"July 12, 1986",Simply Red,Holding Back the Years
"July 19, 1986",Genesis,Invisible Touch
"July 26, 1986",Peter Gabriel,Sledgehammer
"August 2, 1986",Peter Cetera,Glory of Love
"August 16, 1986",Madonna,Papa Don't Preach
"August 30, 1986",Steve Winwood,Higher Love
"September 6, 1986",Bananarama,Venus
"September 13, 1986",Berlin,Take My Breath Away
"September 20, 1986",Huey Lewis and the News,Stuck with You
"October 11, 1986",Janet Jackson,When I Think of You
"October 25, 1986",Cyndi Lauper,True Colors
"November 8, 1986",Boston,Amanda
"November 22, 1986",Human League,Human
"November 29, 1986",Bon Jovi,You Give Love a Bad Name
"December 6, 1986",Peter Cetera and Amy Grant,The Next Time I Fall
"December 13, 1986",Bruce Hornsby & the Range,The Way It Is
"December 20, 1986",The Bangles,Walk Like an Egyptian♪ (1987)
"January 17, 1987",Gregory Abbott,Shake You Down
"January 24, 1987",Billy Vera and the Beaters,At This Moment
"February 7, 1987",Madonna,Open Your Heart
"February 14, 1987",Bon Jovi,Livin' on a Prayer
"March 14, 1987",Huey Lewis and the News,Jacob's Ladder
"March 21, 1987",Club Nouveau,Lean on Me
"April 4, 1987",Starship,Nothing's Gonna Stop Us Now
"April 18, 1987",Aretha Franklin and George Michael,I Knew You Were Waiting (For Me)
"May 2, 1987",Cutting Crew,(I Just) Died in Your Arms
"May 16, 1987",U2,With or Without You
"June 6, 1987",Kim Wilde,You Keep Me Hangin' On
"June 13, 1987",Atlantic Starr,Always
"June 20, 1987",Lisa Lisa and Cult Jam,Head to Toe
"June 27, 1987",Whitney Houston,I Wanna Dance with Somebody (Who Loves Me)
"July 11, 1987",Heart,Alone
"August 1, 1987",Bob Seger,Shakedown
"August 8, 1987",U2,I Still Haven't Found What I'm Looking For
"August 22, 1987",Madonna,Who's That Girl
"August 29, 1987",Los Lobos,La Bamba
"September 19, 1987",Michael Jackson with Siedah Garrett,I Just Can't Stop Loving You
"September 26, 1987",Whitney Houston,Didn't We Almost Have It All
"October 10, 1987",Whitesnake,Here I Go Again
"October 17, 1987",Lisa Lisa and Cult Jam,Lost in Emotion
"October 24, 1987",Michael Jackson,Bad
"November 7, 1987",Tiffany,I Think We're Alone Now
"November 21, 1987",Billy Idol,Mony Mony
"November 28, 1987",Bill Medley and Jennifer Warnes,(I've Had) The Time of My Life
"December 5, 1987",Belinda Carlisle,Heaven Is a Place on Earth
"December 12, 1987",George Michael,Faith♪ (1988)
"January 9, 1988",Whitney Houston,So Emotional
"January 16, 1988",George Harrison,Got My Mind Set on You
"January 23, 1988",Michael Jackson,The Way You Make Me Feel
"January 30, 1988",INXS,Need You Tonight
"February 6, 1988",Tiffany,Could've Been
"February 20, 1988",Exposé,Seasons Change
"February 27, 1988",George Michael,Father Figure
"March 12, 1988",Rick Astley,Never Gonna Give You Up
"March 26, 1988",Michael Jackson,Man in the Mirror
"April 9, 1988",Billy Ocean,"Get Outta My Dreams, Get into My Car"
"April 23, 1988",Whitney Houston,Where Do Broken Hearts Go
"May 7, 1988",Terence Trent D'Arby,Wishing Well
"May 14, 1988",Gloria Estefan and Miami Sound Machine,Anything for You
"May 28, 1988",George Michael,One More Try
"June 18, 1988",Rick Astley,Together Forever
"June 25, 1988",Debbie Gibson,Foolish Beat
"July 2, 1988",Michael Jackson,Dirty Diana
"July 9, 1988",Cheap Trick,The Flame
"July 23, 1988",Richard Marx,Hold On to the Nights
"July 30, 1988",Steve Winwood,Roll with It
"August 27, 1988",George Michael,Monkey
"September 10, 1988",Guns N' Roses,Sweet Child o' Mine
"September 24, 1988",Bobby McFerrin,"Don't Worry, Be Happy"
"October 8, 1988",Def Leppard,Love Bites
"October 15, 1988",UB40,Red Red Wine
"October 22, 1988",Phil Collins,A Groovy Kind of Love
"November 5, 1988",The Beach Boys,Kokomo
"November 12, 1988",The Escape Club,"Wild, Wild West"
"November 19, 1988",Bon Jovi,Bad Medicine
"December 3, 1988",Will to Power,"Baby, I Love Your Way / Freebird Medley (Free Baby)"
"December 10, 1988",Chicago,Look Away♪ (1989)
"December 24, 1988",Poison,Every Rose Has Its Thorn
"January 14, 1989",Bobby Brown,My Prerogative
"January 21, 1989",Phil Collins,Two Hearts
"February 4, 1989",Sheriff,When I'm with You
"February 11, 1989",Paula Abdul,Straight Up
"March 4, 1989",Debbie Gibson,Lost in Your Eyes
"March 25, 1989",Mike + The Mechanics,The Living Years
"April 1, 1989",The Bangles,Eternal Flame
"April 8, 1989",Roxette,The Look
"April 15, 1989",Fine Young Cannibals,She Drives Me Crazy
"April 22, 1989",Madonna,Like a Prayer
"May 13, 1989",Bon Jovi,I'll Be There for You
"May 20, 1989",Paula Abdul,Forever Your Girl
"June 3, 1989",Michael Damian,Rock On
"June 10, 1989",Bette Midler,Wind Beneath My Wings
"June 17, 1989",New Kids on the Block,I'll Be Loving You (Forever)
"June 24, 1989",Richard Marx,Satisfied
"July 1, 1989",Milli Vanilli,Baby Don't Forget My Number
"July 8, 1989",Fine Young Cannibals,Good Thing
"July 15, 1989",Simply Red,If You Don't Know Me by Now
"July 22, 1989",Martika,Toy Soldiers
"August 5, 1989",Prince,Batdance
"August 12, 1989",Richard Marx,Right Here Waiting
"September 2, 1989",Paula Abdul,Cold Hearted
"September 9, 1989",New Kids on the Block,Hangin' Tough
"September 16, 1989",Gloria Estefan,Don't Wanna Lose You
"September 23, 1989",Milli Vanilli,Girl I'm Gonna Miss You
"October 7, 1989",Janet Jackson,Miss You Much
"November 4, 1989",Roxette,Listen to Your Heart
"November 11, 1989",Bad English,When I See You Smile
"November 25, 1989",Milli Vanilli,Blame It on the Rain
"December 9, 1989",Billy Joel,We Didn't Start the Fire
"December 23, 1989",Phil Collins,Another Day in Paradise
"January 20, 1990",Michael Bolton,How Am I Supposed to Live Without You
"February 10, 1990",Paula Abdul & The Wild Pair,Opposites Attract
"March 3, 1990",Janet Jackson,Escapade
"March 24, 1990",Alannah Myles,Black Velvet
"April 7, 1990",Taylor Dayne,Love Will Lead You Back
"April 14, 1990",Tommy Page,I'll Be Your Everything
"April 21, 1990",Sinéad O'Connor,Nothing Compares 2 U
"May 19, 1990",Madonna,Vogue
"June 9, 1990",Wilson Phillips,Hold On♪ (1990)
"June 16, 1990",Roxette,It Must Have Been Love
"June 30, 1990",New Kids on the Block,Step By Step
"July 21, 1990",Glenn Medeiros featuring Bobby Brown,She Ain't Worth It
"August 4, 1990",Mariah Carey,Vision of Love
"September 1, 1990",Sweet Sensation,If Wishes Came True
"September 8, 1990",Jon Bon Jovi,Blaze Of Glory
"September 15, 1990",Wilson Phillips,Release Me
"September 29, 1990",Nelson,(Can't Live Without Your) Love And Affection
"October 6, 1990",Maxi Priest,Close To You
"October 13, 1990",George Michael,Praying for Time
"October 20, 1990",James Ingram,I Don't Have the Heart
"October 27, 1990",Janet Jackson,Black Cat
"November 3, 1990",Vanilla Ice,Ice Ice Baby
"November 10, 1990",Mariah Carey,Love Takes Time
"December 1, 1990",Whitney Houston,I'm Your Baby Tonight
"December 8, 1990",Stevie B,Because I Love You (The Postman Song)
"January 5, 1991",Madonna,Justify My Love
"January 19, 1991",Janet Jackson,Love Will Never Do (Without You)
"January 26, 1991",Surface,The First Time
"February 9, 1991",C+C Music Factory featuring Freedom Williams,Gonna Make You Sweat (Everybody Dance Now)
"February 23, 1991",Whitney Houston,All the Man That I Need
"March 9, 1991",Mariah Carey,Someday
"March 23, 1991",Timmy T,One More Try
"March 30, 1991",Gloria Estefan,Coming Out of the Dark
"April 13, 1991",Londonbeat,I've Been Thinking About You
"April 20, 1991",Wilson Phillips,You're in Love
"April 27, 1991",Amy Grant,Baby Baby
"May 11, 1991",Roxette,Joyride
"May 18, 1991",Hi-Five,I Like the Way (The Kissing Game)
"May 25, 1991",Mariah Carey,I Don't Wanna Cry
"June 8, 1991",Extreme,More Than Words
"June 15, 1991",Paula Abdul,Rush Rush
"July 20, 1991",EMF,Unbelievable
"July 27, 1991",Bryan Adams,(Everything I Do) I Do It for You♪ (1991)
"September 14, 1991",Paula Abdul,The Promise of a New Day
"September 21, 1991",Color Me Badd,I Adore Mi Amor
"October 5, 1991",Marky Mark and the Funky Bunch featuring Loleatta Holloway,Good Vibrations
"October 12, 1991",Mariah Carey,Emotions
"November 2, 1991",Karyn White,Romantic
"November 9, 1991",Prince & The New Power Generation,Cream
"November 23, 1991",Michael Bolton,When A Man Loves A Woman
"November 30, 1991",P.M. Dawn,Set Adrift on Memory Bliss
"December 7, 1991",Michael Jackson,Black or White
"January 25, 1992",Color Me Badd,All 4 Love
"February 1, 1992",George Michael & Elton John,Don't Let The Sun Go Down On Me
"February 8, 1992",Right Said Fred,I'm Too Sexy
"February 29, 1992",Mr. Big,To Be With You
"March 21, 1992",Vanessa Williams,Save the Best for Last
"April 25, 1992",Kris Kross,Jump
"June 20, 1992",Mariah Carey,I'll Be There
"July 4, 1992",Sir Mix-A-Lot,Baby Got Back
"August 8, 1992",Madonna,This Used To Be My Playground
"August 15, 1992",Boyz II Men,End of the Road♪ (1992)
"November 14, 1992",The Heights,How Do You Talk To An Angel
"November 28, 1992",Whitney Houston,I Will Always Love You♪ (1993)
"March 6, 1993",Peabo Bryson & Regina Belle,A Whole New World
"March 13, 1993",Snow,Informer
"May 1, 1993",Silk,Freak Me
"May 15, 1993",Janet Jackson,That's The Way Love Goes
"July 10, 1993",SWV,Weak
"July 24, 1993",UB40,(I Can't Help) Falling in Love with You
"September 11, 1993",Mariah Carey,Dreamlover
"November 6, 1993",Meat Loaf,I'd Do Anything for Love (But I Won't Do That)
"December 11, 1993",Janet Jackson,Again
"December 25, 1993",Mariah Carey,Hero
"January 22, 1994","Bryan Adams, Rod Stewart & Sting",All For Love
"February 12, 1994",Céline Dion,The Power Of Love
"March 12, 1994",Ace of Base,The Sign ♪ (1994)
"April 9, 1994",R. Kelly,Bump n' Grind
"May 21, 1994",All-4-One,I Swear
"August 6, 1994",Lisa Loeb & Nine Stories,Stay (I Missed You)
"August 27, 1994",Boyz II Men,I'll Make Love to You
"December 3, 1994",Boyz II Men,On Bended Knee
"December 17, 1994",Ini Kamoze,Here Comes the Hotstepper
"January 28, 1995",TLC,Creep
"February 25, 1995",Madonna,Take A Bow
"April 15, 1995",Montell Jordan,This Is How We Do It
"June 3, 1995",Bryan Adams,Have You Ever Really Loved A Woman
"July 8, 1995",TLC,Waterfalls
"August 26, 1995",Seal,Kiss from a Rose
"September 2, 1995",Michael Jackson,You Are Not Alone
"September 9, 1995",Coolio featuring L.V.,Gangsta's Paradise♪ (1995)
"September 30, 1995",Mariah Carey,Fantasy
"November 25, 1995",Whitney Houston,Exhale (Shoop Shoop)
"December 2, 1995",Mariah Carey & Boyz II Men,One Sweet Day
"March 23, 1996",Céline Dion,Because You Loved Me
"May 4, 1996",Mariah Carey,Always Be My Baby
"May 18, 1996",Bone Thugs-N-Harmony,Tha Crossroads
"July 13, 1996",2Pac featuring K-Ci & JoJo / Dr. Dre and Roger Troutman,"How Do U Want It / ""California Love"""
"July 27, 1996",Toni Braxton,"You're Makin' Me High / ""Let It Flow"""
"August 3, 1996",Los Del Rio,Macarena (Bayside Boys Mix)♪ (1996)
"November 9, 1996",Blackstreet featuring Dr. Dre,No Diggity
"December 7, 1996",Toni Braxton,Un-Break My Heart
"February 22, 1997",Spice Girls,Wannabe
"March 22, 1997",Puff Daddy featuring Mase,Can't Nobody Hold Me Down
"May 3, 1997",The Notorious B.I.G.,Hypnotize
"May 24, 1997",Hanson,MMMBop
"June 14, 1997",Puff Daddy & Faith Evans featuring 112,I'll Be Missing You
"August 30, 1997",The Notorious B.I.G. featuring Puff Daddy & Mase,Mo Money Mo Problems
"September 13, 1997",Mariah Carey,Honey
"October 4, 1997",Boyz II Men,4 Seasons of Loneliness
"October 11, 1997",Elton John,Candle in the Wind '97 /
"January 17, 1998",Savage Garden,Truly Madly Deeply
"January 31, 1998",Janet,Together Again
"February 14, 1998",Usher,Nice & Slow
"February 28, 1998",Céline Dion,My Heart Will Go On
"March 14, 1998",Will Smith,Gettin' Jiggy Wit It
"April 4, 1998",K-Ci & JoJo,All My Life
"April 25, 1998",Next,Too Close♪(1998)
"May 23, 1998",Mariah Carey,My All
"June 6, 1998",Brandy & Monica,The Boy Is Mine
"September 5, 1998",Aerosmith,I Don't Want to Miss a Thing
"October 3, 1998",Monica,The First Night
"October 17, 1998",Barenaked Ladies,One Week
"November 14, 1998",Lauryn Hill,Doo Wop (That Thing)
"November 28, 1998",Divine,Lately
"December 5, 1998",R. Kelly & Céline Dion,I'm Your Angel
"January 16, 1999",Brandy,Have You Ever
"January 30, 1999",Britney Spears,…Baby One More Time
"February 13, 1999",Monica,Angel of Mine
"March 13, 1999",Cher,Believe♪ (1999)
"April 10, 1999",TLC,No Scrubs
"May 8, 1999",Ricky Martin,Livin' la Vida Loca
"June 12, 1999",Jennifer Lopez,If You Had My Love
"July 17, 1999",Destiny's Child,"Bills, Bills, Bills"
"July 24, 1999",Will Smith featuring Dru Hill & Kool Moe Dee,Wild Wild West
"July 31, 1999",Christina Aguilera,Genie in a Bottle
"September 4, 1999",Enrique Iglesias,Bailamos
"September 18, 1999",TLC,Unpretty
"October 9, 1999",Mariah Carey featuring Jay-Z,Heartbreaker
"October 23, 1999",Santana featuring Rob Thomas,Smooth
"January 15, 2000",Christina Aguilera,What a Girl Wants
"January 29, 2000",Savage Garden,I Knew I Loved You
"February 19, 2000",Mariah Carey featuring Joe and 98 Degrees,Thank God I Found You
"March 4, 2000",Lonestar,Amazed
"March 18, 2000",Destiny's Child,Say My Name
"April 8, 2000",Santana featuring The Product G&B,Maria Maria
"June 17, 2000",Aaliyah,Try Again
"June 24, 2000",Enrique Iglesias,Be With You
"July 15, 2000",Vertical Horizon,Everything You Want
"July 22, 2000",Matchbox Twenty,Bent
"July 29, 2000",NSYNC,It's Gonna Be Me
"August 12, 2000",Sisqó,Incomplete
"August 26, 2000",Janet,Doesn't Really Matter
"September 16, 2000",Madonna,Music
"October 14, 2000",Christina Aguilera,Come On Over Baby (All I Want Is You)
"November 11, 2000",Creed,With Arms Wide Open
"November 18, 2000",Destiny's Child,Independent Women
"February 3, 2001",Shaggy featuring Ricardo 'Rikrok' Ducent,It Wasn't Me
"February 17, 2001",Outkast,Ms. Jackson
"February 24, 2001",Joe featuring Mystikal,Stutter
"March 24, 2001",Crazy Town,Butterfly
"March 31, 2001",Shaggy featuring Rayvon,Angel
"April 14, 2001",Janet,All For You
"June 2, 2001","Christina Aguilera, Lil' Kim, Mýa and Pink",Lady Marmalade
"July 7, 2001",Usher,U Remind Me
"August 4, 2001",Destiny's Child,Bootylicious
"August 18, 2001",Alicia Keys,Fallin'
"September 8, 2001",Jennifer Lopez featuring Ja Rule,I'm Real
"November 3, 2001",Mary J. Blige,Family Affair
"December 15, 2001",Usher,U Got It Bad
"December 22, 2001",Nickelback,How You Remind Me♪[B]
"February 23, 2002",Ja Rule featuring Ashanti,Always on Time
"March 9, 2002",Jennifer Lopez featuring Ja Rule,Ain't It Funny
"April 20, 2002",Ashanti,Foolish
"June 29, 2002",Nelly,Hot in Herre
"August 17, 2002",Nelly featuring Kelly Rowland,Dilemma
"October 5, 2002",Kelly Clarkson,A Moment Like This
"November 9, 2002",Eminem,Lose Yourself
"February 1, 2003",B2K featuring P. Diddy,"Bump, Bump, Bump"
"February 8, 2003",Jennifer Lopez featuring LL Cool J,All I Have
"March 8, 2003",50 Cent,In da Club♪[C]
"May 10, 2003",Sean Paul,Get Busy
"May 31, 2003",50 Cent featuring Nate Dogg,21 Questions
"June 28, 2003",Clay Aiken,This Is the Night
"July 12, 2003",Beyoncé featuring Jay-Z,Crazy in Love
"September 6, 2003","Nelly, P. Diddy and Murphy Lee",Shake Ya Tailfeather
"October 4, 2003",Beyoncé featuring Sean Paul,Baby Boy
"December 6, 2003",Ludacris featuring Shawnna,Stand Up
"December 13, 2003",Outkast,Hey Ya!
"February 14, 2004",Outkast featuring Sleepy Brown,The Way You Move
"February 21, 2004",Twista featuring Kanye West and Jamie Foxx,Slow Jamz
"February 28, 2004",Usher featuring Lil Jon and Ludacris,Yeah!♪[D]
"May 22, 2004",Usher,Burn
"July 10, 2004",Fantasia,I Believe
"July 24, 2004",Usher,Confessions Part II
"August 7, 2004",Juvenile featuring Soulja Slim,Slow Motion
"August 21, 2004",Terror Squad,Lean Back
"September 11, 2004",Ciara featuring Petey Pablo,Goodies
"October 30, 2004",Usher and Alicia Keys,My Boo
"December 11, 2004",Snoop Dogg featuring Pharrell,Drop It Like It's Hot
"January 1, 2005",Mario,Let Me Love You
"March 5, 2005",50 Cent featuring Olivia,Candy Shop
"May 7, 2005",Gwen Stefani,Hollaback Girl
"June 4, 2005",Mariah Carey,We Belong Together♪[E]
"July 2, 2005",Carrie Underwood,Inside Your Heaven
"September 17, 2005",Kanye West featuring Jamie Foxx,Gold Digger
"November 26, 2005",Chris Brown,Run It!
"December 31, 2005",Mariah Carey,Don't Forget About Us
"January 14, 2006",D4L,Laffy Taffy
"January 21, 2006","Nelly featuring Paul Wall, Ali & Gipp",Grillz
"February 4, 2006",Beyoncé featuring Slim Thug,Check on It
"March 11, 2006",James Blunt,You're Beautiful
"March 18, 2006",Ne-Yo,So Sick
"April 1, 2006",Sean Paul,Temperature
"April 8, 2006",Daniel Powter,Bad Day♪[F]
"May 13, 2006",Rihanna,SOS
"June 3, 2006",Chamillionaire featuring Krayzie Bone,Ridin'
"June 17, 2006",Shakira featuring Wyclef Jean,Hips Don't Lie
"July 1, 2006",Taylor Hicks,Do I Make You Proud
"July 8, 2006",Nelly Furtado featuring Timbaland,Promiscuous
"August 19, 2006",Fergie,London Bridge
"September 9, 2006",Justin Timberlake,SexyBack
"October 28, 2006",Ludacris featuring Pharrell,Money Maker
"November 11, 2006",Justin Timberlake featuring T.I.,My Love
"December 2, 2006",Akon featuring Snoop Dogg,I Wanna Love You
"December 16, 2006",Beyoncé,Irreplaceable♪[G]
"February 24, 2007",Nelly Furtado,Say It Right
"March 3, 2007",Justin Timberlake,What Goes Around... Comes Around
"March 10, 2007",Mims,This Is Why I'm Hot
"March 24, 2007",Fergie featuring Ludacris,Glamorous
"April 7, 2007",Akon,Don't Matter
"April 21, 2007",Timbaland featuring Nelly Furtado and Justin Timberlake,Give It To Me
"May 5, 2007",Avril Lavigne,Girlfriend
"May 12, 2007",Maroon 5,Makes Me Wonder
"May 26, 2007",T-Pain featuring Yung Joc,Buy U a Drank (Shawty Snappin')
"June 9, 2007",Rihanna featuring Jay-Z,Umbrella
"July 28, 2007",Plain White T's,Hey There Delilah
"August 11, 2007",Sean Kingston,Beautiful Girls
"September 8, 2007",Fergie,Big Girls Don't Cry
"September 15, 2007",Soulja Boy,Crank That (Soulja Boy)
"September 29, 2007",Kanye West,Stronger
"November 10, 2007",Chris Brown featuring T-Pain,Kiss Kiss
"December 1, 2007",Alicia Keys,No One
"January 5, 2008",Flo Rida featuring T-Pain,Low♪[H]
"March 15, 2008",Usher featuring Young Jeezy,Love in This Club
"April 5, 2008",Leona Lewis,Bleeding Love
"April 12, 2008",Mariah Carey,Touch My Body
"May 3, 2008",Lil Wayne featuring Static Major,Lollipop
"May 24, 2008",Rihanna,Take a Bow
"June 28, 2008",Coldplay,Viva la Vida
"July 5, 2008",Katy Perry,I Kissed a Girl
"August 23, 2008",Rihanna,Disturbia
"September 6, 2008",T.I.,Whatever You Like
"September 27, 2008",Pink,So What
"October 18, 2008",T.I. featuring Rihanna,Live Your Life
"October 25, 2008",Britney Spears,Womanizer
"December 13, 2008",Beyoncé,Single Ladies (Put a Ring on It)
"January 17, 2009",Lady Gaga featuring Colby O'Donis,Just Dance
"February 7, 2009",Kelly Clarkson,My Life Would Suck Without You
"February 21, 2009",Eminem featuring Dr. Dre and 50 Cent,Crack a Bottle
"February 28, 2009",Flo Rida,Right Round
"April 11, 2009",Lady Gaga,Poker Face
"April 18, 2009",The Black Eyed Peas,Boom Boom Pow♪[I]
"July 11, 2009",The Black Eyed Peas,I Gotta Feeling
"October 17, 2009",Jay Sean featuring Lil Wayne,Down
"October 24, 2009",Britney Spears,3
"November 7, 2009",Owl City,Fireflies
"November 14, 2009",Jason Derulo,Whatcha Say
"November 28, 2009",Jay-Z featuring Alicia Keys,Empire State of Mind
"January 2, 2010",Kesha,Tik Tok♪ [4]
"March 6, 2010",The Black Eyed Peas,Imma Be
"March 20, 2010",Taio Cruz featuring Ludacris,Break Your Heart
"March 27, 2010",Rihanna,Rude Boy
"May 1, 2010",B.o.B featuring Bruno Mars,Nothin' on You
"May 15, 2010",Usher featuring will.i.am,OMG
"May 22, 2010",Eminem,Not Afraid
"June 19, 2010",Katy Perry featuring Snoop Dogg,California Gurls
"July 31, 2010",Eminem featuring Rihanna,Love the Way You Lie
"September 18, 2010",Katy Perry,Teenage Dream
"October 2, 2010",Bruno Mars,Just the Way You Are
"October 30, 2010",Far East Movement featuring The Cataracs and Dev,Like a G6
"November 13, 2010",Kesha,We R Who We R
"November 20, 2010",Rihanna featuring Drake,What's My Name?
"December 4, 2010",Rihanna,Only Girl (In the World)
"December 11, 2010",Pink,Raise Your Glass
"December 18, 2010",Katy Perry,Firework
"January 8, 2011",Bruno Mars,Grenade
"January 29, 2011",Britney Spears,Hold It Against Me
"February 19, 2011",Wiz Khalifa,Black and Yellow
"February 26, 2011",Lady Gaga,Born This Way
"April 9, 2011",Katy Perry featuring Kanye West,E.T.
"April 30, 2011",Rihanna featuring Britney Spears[27],S&M
"May 21, 2011",Adele,Rolling in the Deep♪ [29]
"July 9, 2011","Pitbull featuring Ne-Yo, Afrojack and Nayer",Give Me Everything
"July 16, 2011",LMFAO featuring Lauren Bennett and GoonRock,Party Rock Anthem
"August 27, 2011",Katy Perry,Last Friday Night (T.G.I.F.)
"September 10, 2011",Maroon 5 featuring Christina Aguilera,Moves Like Jagger
"September 17, 2011",Adele,Someone Like You
"November 12, 2011",Rihanna featuring Calvin Harris,We Found Love
"January 7, 2012",LMFAO,Sexy and I Know It
"February 4, 2012",Adele,Set Fire to the Rain
"February 18, 2012",Kelly Clarkson,Stronger (What Doesn't Kill You)
"March 3, 2012",Katy Perry,Part of Me
"March 17, 2012",Fun featuring Janelle Monáe,We Are Young
"April 28, 2012",Gotye featuring Kimbra,Somebody That I Used to Know♪ [42]
"June 23, 2012",Carly Rae Jepsen,Call Me Maybe
"August 25, 2012",Flo Rida,Whistle
"September 1, 2012",Taylor Swift,We Are Never Ever Getting Back Together
"September 29, 2012",Maroon 5,One More Night
"December 1, 2012",Rihanna,Diamonds
"December 22, 2012",Bruno Mars,Locked Out of Heaven
"February 2, 2013",Macklemore & Ryan Lewis featuring Wanz,Thrift Shop♪ [50]
"March 2, 2013",Baauer,Harlem Shake
"April 20, 2013",Bruno Mars,When I Was Your Man
"April 27, 2013",Pink featuring Nate Ruess,Just Give Me a Reason
"May 18, 2013",Macklemore & Ryan Lewis featuring Ray Dalton,Can't Hold Us
"June 22, 2013",Robin Thicke featuring T.I. and Pharrell,Blurred Lines
"September 14, 2013",Katy Perry,Roar
"September 28, 2013",Miley Cyrus,Wrecking Ball
"October 12, 2013",Lorde,Royals
"December 21, 2013",Eminem featuring Rihanna,The Monster
"January 18, 2014",Pitbull featuring Kesha,Timber
"February 8, 2014",Katy Perry featuring Juicy J,Dark Horse
"March 8, 2014",Pharrell Williams,Happy♪ [63]
"May 17, 2014",John Legend,All of Me
"June 7, 2014",Iggy Azalea featuring Charli XCX,Fancy
"July 26, 2014",Magic!,Rude
"September 6, 2014",Taylor Swift,Shake It Off
"September 20, 2014",Meghan Trainor,All About That Bass
"November 29, 2014",Taylor Swift,Blank Space
"January 17, 2015",Mark Ronson featuring Bruno Mars,Uptown Funk♪ [71]
"April 25, 2015",Wiz Khalifa featuring Charlie Puth,See You Again
"June 6, 2015",Taylor Swift featuring Kendrick Lamar,Bad Blood
"July 25, 2015",Omi,Cheerleader
"August 22, 2015",The Weeknd,Can't Feel My Face
"September 19, 2015",Justin Bieber,What Do You Mean?
"October 3, 2015",The Weeknd,The Hills
"November 14, 2015",Adele,Hello
"January 23, 2016",Justin Bieber,Sorry
"February 13, 2016",Justin Bieber,Love Yourself♪ [81]
"February 20, 2016",Zayn,Pillowtalk
"March 5, 2016",Rihanna featuring Drake,Work
"May 7, 2016",Desiigner,Panda
"May 21, 2016",Drake featuring WizKid and Kyla,One Dance
"May 28, 2016",Justin Timberlake,Can't Stop the Feeling!
"August 6, 2016",Sia featuring Sean Paul,Cheap Thrills
"September 3, 2016",The Chainsmokers featuring Halsey,Closer
"November 26, 2016",Rae Sremmurd featuring Gucci Mane,Black Beatles
"January 7, 2017",The Weeknd featuring Daft Punk,Starboy
"January 21, 2017",Migos featuring Lil Uzi Vert,Bad and Boujee
"January 28, 2017",Ed Sheeran,Shape of You♪ [93]
"May 6, 2017",Kendrick Lamar,Humble
"May 13, 2017",Bruno Mars,That's What I Like
"May 20, 2017","DJ Khaled featuring Justin Bieber, Quavo, Chance the Rapper and Lil Wayne",I'm the One
"May 27, 2017",Luis Fonsi and Daddy Yankee featuring Justin Bieber,Despacito
"September 16, 2017",Taylor Swift,Look What You Made Me Do
"October 7, 2017",Cardi B,Bodak Yellow
"October 28, 2017",Post Malone featuring 21 Savage,Rockstar
"December 23, 2017",Ed Sheeran solo or duet with Beyoncé1,Perfect
"January 27, 2018",Camila Cabello featuring Young Thug,Havana
"February 3, 2018",Drake,God's Plan♪ [104]
"April 21, 2018",Drake,Nice for What
"May 19, 2018",Childish Gambino,This Is America
"June 16, 2018",Post Malone featuring Ty Dolla Sign,Psycho
"June 30, 2018",XXXTentacion,Sad!
"July 7, 2018","Cardi B, Bad Bunny and J Balvin",I Like It
"July 21, 2018",Drake,In My Feelings
"September 29, 2018",Maroon 5 featuring Cardi B,Girls Like You
"November 17, 2018",Ariana Grande,"Thank U, Next"
"December 8, 2018",Travis Scott,Sicko Mode
"January 12, 2019",Halsey,Without Me
"January 19, 2019",Post Malone and Swae Lee,Sunflower
"February 2, 2019",Ariana Grande,7 Rings
"March 9, 2019",Lady Gaga and Bradley Cooper,Shallow
"March 16, 2019",Jonas Brothers,Sucker
"April 13, 2019",Lil Nas X solo or featuring Billy Ray Cyrus2,Old Town Road ♪ [120]
"August 24, 2019",Billie Eilish,Bad Guy
"August 31, 2019",Shawn Mendes and Camila Cabello,Señorita
"September 7, 2019",Lizzo,Truth Hurts
"October 19, 2019",Travis Scott,Highest in the Room
"November 2, 2019",Lewis Capaldi,Someone You Loved
"November 9, 2019",Selena Gomez,Lose You to Love Me
"November 30, 2019",Post Malone,Circles
"December 14, 2019",The Weeknd,Heartless
"December 21, 2019",Mariah Carey,All I Want for Christmas Is You
"January 18, 2020",Roddy Ricch,The Box
"April 4, 2020",The Weeknd,Blinding Lights ♪ [6]
"April 18, 2020",Drake,Toosie Slide
"May 9, 2020",The Scotts (Travis Scott and Kid Cudi),The Scotts
"May 16, 2020",Doja Cat featuring Nicki Minaj,Say So
"May 23, 2020",Ariana Grande and Justin Bieber,Stuck with U
"May 30, 2020",Megan Thee Stallion featuring Beyoncé,Savage
"June 6, 2020",Lady Gaga and Ariana Grande,Rain on Me
"June 13, 2020",DaBaby featuring Roddy Ricch,Rockstar
"June 27, 2020",6ix9ine and Nicki Minaj,Trollz
"August 8, 2020",Taylor Swift,Cardigan
"August 15, 2020",Harry Styles,Watermelon Sugar
"August 22, 2020",Cardi B featuring Megan Thee Stallion,WAP
"September 5, 2020",BTS,Dynamite
"October 10, 2020",Travis Scott featuring Young Thug and M.I.A.,Franchise
"October 17, 2020","Jawsh 685, Jason Derulo, and BTS",Savage Love (Laxed – Siren Beat)
"October 24, 2020",24kGoldn featuring Iann Dior,Mood
"November 7, 2020",Ariana Grande,Positions
"December 5, 2020",BTS,Life Goes On
"December 19, 2020",Mariah Carey,All I Want for Christmas Is You
"December 26, 2020",Taylor Swift,Willow
"January 23, 2021",Olivia Rodrigo,Drivers License
"March 20, 2021",Drake,What's Next
"March 27, 2021",Cardi B,Up
"April 3, 2021",Justin Bieber featuring Daniel Caesar and Giveon,Peaches
"April 10, 2021",Lil Nas X,Montero (Call Me by Your Name)
"April 17, 2021",Silk Sonic (Bruno Mars and Anderson .Paak),Leave the Door Open
"April 24, 2021",Polo G,Rapstar
"May 8, 2021",The Weeknd and Ariana Grande,Save Your Tears
"May 29, 2021",Olivia Rodrigo,Good 4 U
"June 5, 2021",BTS,Butter
"July 24, 2021",BTS,Permission to Dance
"August 14, 2021",The Kid Laroi and Justin Bieber,Stay
"September 18, 2021",Drake featuring Future and Young Thug,Way 2 Sexy
"October 9, 2021",Coldplay and BTS,My Universe
"October 23, 2021",Lil Nas X and Jack Harlow,Industry Baby
"October 30, 2021",Adele,Easy on Me
"November 27, 2021",Taylor Swift,All Too Well (Taylor's Version)
"December 25, 2021",Mariah Carey,All I Want for Christmas Is You
"February 5, 2022","Carolina Gaitán, Mauro Castillo, Adassa, Rhenzy Feliz, Diane Guerrero, Stephanie Beatriz and the Encanto cast",We Don't Talk About Bruno
"March 12, 2022",Glass Animals,Heat Waves ♪ [46]
"April 16, 2022",Harry Styles,As It Was
"April 23, 2022",Jack Harlow,First Class
"May 14, 2022",Future featuring Drake and Tems,Wait for U
"July 2, 2022",Drake featuring 21 Savage,Jimmy Cooks
"July 30, 2022",Lizzo,About Damn Time
"August 13, 2022",Beyoncé,Break My Soul
"August 27, 2022",Nicki Minaj,Super Freaky Girl
"October 8, 2022",Steve Lacy,Bad Habit
"October 29, 2022",Sam Smith and Kim Petras,Unholy
"November 5, 2022",Taylor Swift,Anti-Hero
"December 17, 2022",Mariah Carey,All I Want for Christmas Is You
"January 28, 2023",Miley Cyrus,Flowers
"March 11, 2023",The Weeknd and Ariana Grande,Die for You
"March 18, 2023",Morgan Wallen,Last Night ♪ [61]
"April 8, 2023",Jimin,Like Crazy
"April 29, 2023",SZA,Kill Bill
"July 15, 2023",Olivia Rodrigo,Vampire
"July 29, 2023",Jungkook featuring Latto,Seven
"August 5, 2023",Jason Aldean,Try That in a Small Town
"August 26, 2023",Oliver Anthony Music,Rich Men North of Richmond
"September 9, 2023",Zach Bryan featuring Kacey Musgraves,I Remember Everything
"September 16, 2023",Doja Cat,Paint the Town Red
"September 30, 2023",Drake featuring SZA,Slime You Out
"October 21, 2023",Drake featuring J. Cole,First Person Shooter
"October 28, 2023",Taylor Swift,Cruel Summer
"November 11, 2023",Taylor Swift,Is It Over Now?
"December 2, 2023",Jack Harlow,Lovin on Me
"December 9, 2023",Brenda Lee,Rockin' Around the Christmas Tree
"December 23, 2023",Mariah Carey,All I Want for Christmas Is You
"January 27, 2024",Ariana Grande,"Yes, And?"
"February 10, 2024",Megan Thee Stallion,Hiss
"March 2, 2024",Beyoncé,Texas Hold 'Em
"March 16, 2024",¥$: Ye and Ty Dolla Sign featuring Rich the Kid and Playboi Carti,Carnival
"March 23, 2024",Ariana Grande,We Can't Be Friends (Wait for Your Love)
"March 30, 2024",Teddy Swims,Lose Control
"April 6, 2024","Future, Metro Boomin and Kendrick Lamar",Like That
"April 27, 2024",Hozier,Too Sweet
"May 4, 2024",Taylor Swift featuring Post Malone,Fortnight
"May 18, 2024",Kendrick Lamar,Not Like Us
"May 25, 2024",Post Malone featuring Morgan Wallen,I Had Some Help